縣鎮市區代號,鄉鎮市區別
1,七股區
2,七股鄉
3,七美鄉
4,七堵區
5,九如鄉
6,二水鄉
7,二林鎮
8,二崙鄉
9,八里區
10,八里鄉
11,八德市
12,八德區
13,三民區
14,三民鄉
15,三地門鄉
16,三芝區
17,三芝鄉
18,三星鄉
19,三重市
20,三重區
21,三峽區
22,三峽鎮
23,三義鄉
24,三灣鄉
25,下營區
26,下營鄉
27,口湖鄉
28,土城市
29,土城區
30,土庫鎮
31,士林區
32,大內區
33,大內鄉
34,大甲區
35,大甲鎮
36,大同區
37,大同鄉
38,大安區
39,大安鄉
40,大村鄉
41,大肚區
42,大肚鄉
43,大里市
44,大里區
45,大林鎮
46,大武鄉
47,大社區
48,大社鄉
49,大城鄉
50,大埔鄉
51,大埤鄉
52,大湖鄉
53,大雅區
54,大雅鄉
55,大園區
56,大園鄉
57,大溪區
58,大溪鎮
59,大寮區
60,大寮鄉
61,大樹區
62,大樹鄉
63,小港區
64,山上區
65,山上鄉
66,中山區
67,中正區
68,中西區
69,中和市
70,中和區
71,中埔鄉
72,中區
73,中寮鄉
74,中壢市
75,中壢區
76,五股區
77,五股鄉
78,五峰鄉
79,五結鄉
80,仁武區
81,仁武鄉
82,仁愛區
83,仁愛鄉
84,仁德區
85,仁德鄉
86,元長鄉
87,內門區
88,內門鄉
89,內埔鄉
90,內湖區
91,公館鄉
92,六甲區
93,六甲鄉
94,六腳鄉
95,六龜區
96,六龜鄉
97,太平市
98,太平區
99,太保市
100,太麻里鄉
101,文山區
102,斗六市
103,斗南鎮
104,水上鄉
105,水里鄉
106,水林鄉
107,冬山鄉
108,北屯區
109,北斗鎮
110,北投區
111,北門區
112,北門鄉
113,北竿鄉
114,北埔鄉
115,北區
116,北港鎮
117,古坑鄉
118,台西鄉
119,台東市
120,四湖鄉
121,外埔區
122,外埔鄉
123,左營區
124,左鎮區
125,左鎮鄉
126,布袋鎮
127,平溪區
128,平溪鄉
129,平鎮市
130,平鎮區
131,民雄鄉
132,永安區
133,永安鄉
134,永和市
135,永和區
136,永康市
137,永康區
138,永靖鄉
139,玉井區
140,玉井鄉
141,玉里鎮
142,田中鎮
143,田尾鄉
144,田寮區
145,田寮鄉
146,甲仙區
147,甲仙鄉
148,白沙鄉
149,白河區
150,白河鎮
151,石岡區
152,石岡鄉
153,石門區
154,石門鄉
155,石碇區
156,石碇鄉
157,光復鄉
158,吉安鄉
159,名間鄉
160,后里區
161,后里鄉
162,安平區
163,安定區
164,安定鄉
165,安南區
166,安樂區
167,尖石鄉
168,成功鎮
169,朴子市
170,汐止市
171,汐止區
172,池上鄉
173,竹山鎮
174,竹北市
175,竹田鄉
176,竹東鎮
177,竹南鎮
178,竹崎鄉
179,竹塘鄉
180,西屯區
181,西區
182,西港區
183,西港鄉
184,西湖鄉
185,西嶼鄉
186,西螺鎮
187,伸港鄉
188,壯圍鄉
189,杉林區
190,杉林鄉
191,沙鹿區
192,沙鹿鎮
193,牡丹鄉
194,秀水鄉
195,秀林鄉
196,芎林鄉
197,車城鄉
198,那瑪夏區
199,里港鄉
200,佳冬鄉
201,佳里區
202,佳里鎮
203,來義鄉
204,卑南鄉
205,卓溪鄉
206,卓蘭鎮
207,和平區
208,和平鄉
209,和美鎮
210,坪林區
211,坪林鄉
212,官田區
213,官田鄉
214,宜蘭市
215,岡山區
216,岡山鎮
217,延平鄉
218,東山區
219,東山鄉
220,東引鄉
221,東石鄉
222,東河鄉
223,東區
224,東港鎮
225,東勢區
226,東勢鄉
227,東勢鎮
228,松山區
229,板橋市
230,板橋區
231,枋山鄉
232,枋寮鄉
233,林口區
234,林口鄉
235,林內鄉
236,林園區
237,林園鄉
238,林邊鄉
239,社頭鄉
240,芬園鄉
241,花蓮市
242,花壇鄉
243,芳苑鄉
244,虎尾鎮
245,金山區
246,金山鄉
247,金沙鎮
248,金城鎮
249,金峰鄉
250,金湖鎮
251,金寧鄉
252,長治鄉
253,長濱鄉
254,阿里山鄉
255,阿蓮區
256,阿蓮鄉
257,信義區
258,信義鄉
259,前金區
260,前鎮區
261,南化區
262,南化鄉
263,南屯區
264,南州鄉
265,南庄鄉
266,南投市
267,南竿鄉
268,南區
269,南港區
270,南澳鄉
271,屏東市
272,後壁區
273,後壁鄉
274,後龍鎮
275,恆春鎮
276,春日鄉
277,柳營區
278,柳營鄉
279,美濃區
280,美濃鎮
281,苑裡鎮
282,苓雅區
283,苗栗市
284,茂林區
285,茂林鄉
286,茄萣區
287,茄萣鄉
288,香山區
289,員山鄉
290,員林市
291,員林鎮
292,埔心鄉
293,埔里鎮
294,埔鹽鄉
295,峨眉鄉
296,崁頂鄉
297,桃園市
298,桃園區
299,桃源區
300,桃源鄉
301,泰山區
302,泰山鄉
303,泰安鄉
304,泰武鄉
305,海端鄉
306,烈嶼鄉
307,烏日區
308,烏日鄉
309,烏來區
310,烏來鄉
311,烏坵鄉
312,琉球鄉
313,神岡區
314,神岡鄉
315,草屯鎮
316,貢寮區
317,貢寮鄉
318,馬公市
319,高樹鄉
320,國姓鄉
321,埤頭鄉
322,將軍區
323,將軍鄉
324,崙背鄉
325,望安鄉
326,梅山鄉
327,梓官區
328,梓官鄉
329,梧棲區
330,梧棲鎮
331,淡水區
332,淡水鎮
333,深坑區
334,深坑鄉
335,清水區
336,清水鎮
337,莒光鄉
338,通霄鎮
339,造橋鄉
340,魚池鄉
341,鳥松區
342,鳥松鄉
343,鹿谷鄉
344,鹿草鄉
345,鹿野鄉
346,鹿港鎮
347,麥寮鄉
348,麻豆區
349,麻豆鎮
350,善化區
351,善化鎮
352,富里鄉
353,復興區
354,復興鄉
355,湖口鄉
356,湖內區
357,湖內鄉
358,湖西鄉
359,番路鄉
360,莿桐鄉
361,集集鎮
362,新化區
363,新化鎮
364,新市區
365,新市鄉
366,新店市
367,新店區
368,新社區
369,新社鄉
370,新城鄉
371,新屋區
372,新屋鄉
373,新埔鎮
374,新埤鄉
375,新莊市
376,新莊區
377,新港鄉
378,新園鄉
379,新興區
380,新營市
381,新營區
382,新豐鄉
383,暖暖區
384,楊梅市
385,楊梅區
386,楊梅鎮
387,楠西區
388,楠西鄉
389,楠梓區
390,溪口鄉
391,溪州鄉
392,溪湖鎮
393,獅子鄉
394,獅潭鄉
395,瑞芳區
396,瑞芳鎮
397,瑞穗鄉
398,義竹鄉
399,萬丹鄉
400,萬里區
401,萬里鄉
402,萬華區
403,萬榮鄉
404,萬巒鄉
405,路竹區
406,路竹鄉
407,達仁鄉
408,鼓山區
409,壽豐鄉
410,彰化市
411,旗山區
412,旗山鎮
413,旗津區
414,滿州鄉
415,瑪家鄉
416,福興鄉
417,綠島鄉
418,臺西鄉
419,臺東市
420,銅鑼鄉
421,鳳山市
422,鳳山區
423,鳳林鎮
424,潭子區
425,潭子鄉
426,潮州鎮
427,線西鄉
428,褒忠鄉
429,褔興鄉
430,學甲區
431,學甲鎮
432,樹林市
433,樹林區
434,橋頭區
435,橋頭鄉
436,橫山鄉
437,燕巢區
438,燕巢鄉
439,頭份市
440,頭份鎮
441,頭城鎮
442,頭屋鄉
443,龍井區
444,龍井鄉
445,龍崎區
446,龍崎鄉
447,龍潭區
448,龍潭鄉
449,龜山區
450,龜山鄉
451,彌陀區
452,彌陀鄉
453,礁溪鄉
454,歸仁區
455,歸仁鄉
456,豐原市
457,豐原區
458,豐濱鄉
459,雙溪區
460,雙溪鄉
461,羅東鎮
462,關山鎮
463,關西鎮
464,關廟區
465,關廟鄉
466,霧峰區
467,霧峰鄉
468,霧臺鄉
469,寶山鄉
470,蘆竹區
471,蘆竹鄉
472,蘆洲市
473,蘆洲區
474,蘇澳鎮
475,蘭嶼鄉
476,鶯歌區
477,鶯歌鎮
478,麟洛鄉
479,鹽水區
480,鹽水鎮
481,鹽埔鄉
482,鹽埕區
483,觀音區
484,觀音鄉
